scraped_at,scrape_date,store_name,food_group,search_term,preferred_brand,product_name,brand,current_price_eur,previous_price_eur,currency,unit_price_value_eur,unit_price_text,package_text,quantity_value,quantity_unit,has_discount,discount_percent,discount_text,promotion_type,promotion_condition,parser,search_url,source_product_url,notes
2026-03-26T14:17:16+0100,2026-03-26,Billa,Butter,Teebutter,Eigenmarke,Ja! Natürlich Butter,Ja! Natürlich,3.19,2.69,EUR,1,"1 kg 12,76 €",Ja! Natürlich 250 g Packung,250,g,TRUE,,,multi_buy,ab 2 Packungen,billa,https://shop.billa.at/produkte/ja-natuerlich-butter-00827690,https://shop.billa.at/produkte/ja-natuerlich-butter-00827690,Streichfaehige oder klassische Butter
2026-03-26T14:17:18+0100,2026-03-26,Billa,Eier,Eier,Eigenmarke,Ja! Natürlich Bio Eier M,Ja! Natürlich,4.99,,EUR,1,"1 Stk 0,50 €",Ja! Natürlich 10 stk,10,stk,FALSE,,,,,billa,https://shop.billa.at/produkte/ja-natuerlich-bio-eier-m-00820829,https://shop.billa.at/produkte/ja-natuerlich-bio-eier-m-00820829,Packungsgroesse dokumentieren
2026-03-26T14:17:20+0100,2026-03-26,Billa,Fisch,Raeucherlachs,Eigenmarke,,,,,EUR,,,,,,,,,,,billa,https://shop.billa.at/produkte/billa-bio-raeucherlachs-00443218,,SCRAPE_ERROR: Not Found (HTTP 404).
2026-03-26T14:17:22+0100,2026-03-26,Billa,Fleisch,Faschiertes gemischt,Eigenmarke,Ja! Natürlich gemischtes Faschiertes,Ja! Natürlich,7.99,,EUR,1,"1 kg 22,19 €",Ja! Natürlich 360 g Packung,360,g,TRUE,,,,,billa,https://shop.billa.at/produkte/ja-natuerlich-gemischtes-faschiertes-00763685,https://shop.billa.at/produkte/ja-natuerlich-gemischtes-faschiertes-00763685,Frischware
2026-03-26T14:17:24+0100,2026-03-26,Billa,Kaese,Mozzarella,Eigenmarke,Ja! Natürlich Mozzarella,Ja! Natürlich,1.49,,EUR,100,"100 g 1,19 €",Ja! Natürlich 125 g Beutel,125,g,TRUE,,,,,billa,https://shop.billa.at/produkte/ja-natuerlich-mozzarella-00946692,https://shop.billa.at/produkte/ja-natuerlich-mozzarella-00946692,Kugel oder Standardpackung
2026-03-26T14:17:27+0100,2026-03-26,Billa,Kaffee,Kaffee Crema,Eigenmarke,BILLA Bio Caffe Crema,BILLA Bio,14.99,,EUR,1,"1 kg 14,99 €",BILLA Bio 1 kg Packung,1,kg,TRUE,,,,,billa,https://shop.billa.at/produkte/billa-bio-caffe-crema-00463751,https://shop.billa.at/produkte/billa-bio-caffe-crema-00463751,Ganze Bohne wenn verfuegbar
2026-03-26T14:17:28+0100,2026-03-26,Billa,Mehl,Weizenmehl universal,Eigenmarke,,,,,EUR,,,,,,,,,,,billa,https://shop.billa.at/produkte/ja-natuerlich-weizenmehl-universal-00643074,,SCRAPE_ERROR: Not Found (HTTP 404).
2026-03-26T14:17:30+0100,2026-03-26,Billa,Milch,Vollmilch,Eigenmarke,Ja! Natürlich Vollmilch länger frisch 3.5%,Ja! Natürlich,1.89,,EUR,1,"1 Liter 1,89 €",Ja! Natürlich 1 liter Packung Einweg,1,l,TRUE,,,,,billa,https://shop.billa.at/produkte/ja-natuerlich-vollmilch-laenger-frisch-35-00651606,https://shop.billa.at/produkte/ja-natuerlich-vollmilch-laenger-frisch-35-00651606,3.5 Prozent oder aehnlich
2026-03-26T14:17:32+0100,2026-03-26,Billa,Schokolade,Vollmilchschokolade,Eigenmarke,Clever Alpenvollmilch Schokolade,CLEVER,0.89,2.19,EUR,100,"100 g 0,89 €",CLEVER 100 g Tafel,100,g,TRUE,,,multi_buy,ab 2 Tafeln,billa,https://shop.billa.at/produkte/clever-alpenvollmilch-schokolade-00769715,https://shop.billa.at/produkte/clever-alpenvollmilch-schokolade-00769715,Tafelware
2026-03-26T14:17:35+0100,2026-03-26,Hofer,Butter,Teebutter,Eigenmarke,"ZURÜCK ZUM URSPRUNG Buttervariation, Streichzart",ZURÜCK ZUM URSPRUNG,2.99,,EUR,,,,,,FALSE,,,,,hofer,https://www.hofer.at/de/p.zurueck-zum-ursprung-buttervariation-streichzart.000000000110877002.html,https://www.hofer.at/de/p.zurueck-zum-ursprung-buttervariation-streichzart.000000000110877002.html,Streichfaehige oder klassische Butter
2026-03-26T14:17:37+0100,2026-03-26,Hofer,Eier,Eier,Eigenmarke,FAIR HOF Freilandeier M/L,FAIR HOF,3.79,,EUR,,,10 Stk.,10,stk,FALSE,,,,,hofer,https://www.hofer.at/de/p.fair-hof-freilandeier-m-l.000000000000286196.html,https://www.hofer.at/de/p.fair-hof-freilandeier-m-l.000000000000286196.html,Packungsgroesse dokumentieren
2026-03-26T14:17:38+0100,2026-03-26,Hofer,Fisch,Raeucherlachs,Eigenmarke,BIO Räucherlachs,BIO,4.49,,EUR,,,100 g Günstiger seit 15.12.2025,100,g,FALSE,,,,,hofer,https://www.hofer.at/de/p.bio-raeucherlachs.000000000000634004.html,https://www.hofer.at/de/p.bio-raeucherlachs.000000000000634004.html,Moeglichst Standardprodukt
2026-03-26T14:17:41+0100,2026-03-26,Hofer,Fleisch,Faschiertes gemischt,Eigenmarke,Faschiertes gemischt,FAIR HOF,5.49,,EUR,,,,,,FALSE,,,,,hofer,https://www.hofer.at/de/p.faschiertes-gemischt.000000000000538979.html,https://www.hofer.at/de/p.faschiertes-gemischt.000000000000538979.html,Frischware
2026-03-26T14:17:43+0100,2026-03-26,Hofer,Kaese,Mozzarella,Eigenmarke,ZURÜCK ZUM URSPRUNG BIO-Bergbauern Mozzarella,ZURÜCK ZUM URSPRUNG,1.39,,EUR,,,125 g,125,g,FALSE,,,,,hofer,https://www.hofer.at/de/p.zurueck-zum-ursprung-bio-bergbauern-mozzarella.000000000000106894.html,https://www.hofer.at/de/p.zurueck-zum-ursprung-bio-bergbauern-mozzarella.000000000000106894.html,Kugel oder Standardpackung
2026-03-26T14:17:46+0100,2026-03-26,Hofer,Kaffee,Kaffee Crema,Eigenmarke,BARISSIMO Crema Intenso,BARISSIMO,5.49,,EUR,,,500 g Günstiger seit 24.10.2025,500,g,FALSE,,,,,hofer,https://www.hofer.at/de/p.barissimo-crema-intenso.000000000000567058.html,https://www.hofer.at/de/p.barissimo-crema-intenso.000000000000567058.html,Ganze Bohne wenn verfuegbar
2026-03-26T14:17:48+0100,2026-03-26,Hofer,Mehl,Weizenmehl universal,Eigenmarke,"HAPPY HARVEST Weizenmehl gemischt, Universal",HAPPY HARVEST,0.75,,EUR,,,1 kg,1,kg,FALSE,,,,,hofer,https://www.hofer.at/de/p.happy-harvest-weizenmehl-gemischt-universal.000000000101923002.html,https://www.hofer.at/de/p.happy-harvest-weizenmehl-gemischt-universal.000000000101923002.html,1kg bevorzugt
2026-03-26T14:17:50+0100,2026-03-26,Hofer,Milch,Vollmilch,Eigenmarke,"ZURÜCK ZUM URSPRUNG BIO-Bergbauern länger frisch Vollmilch 3,6 % Fett*",ZURÜCK ZUM URSPRUNG,1.79,,EUR,,,1 l,1,l,FALSE,,,,,hofer,https://www.hofer.at/de/p.zurueck-zum-ursprung-bio-bergbauern-laenger-frisch-vollmilch---fett.000000000000106885.html,https://www.hofer.at/de/p.zurueck-zum-ursprung-bio-bergbauern-laenger-frisch-vollmilch---fett.000000000000106885.html,3.5 Prozent oder aehnlich
2026-03-26T14:17:53+0100,2026-03-26,Hofer,Schokolade,Vollmilchschokolade,Eigenmarke,"MOSER ROTH BIO-Schokolade, Vollmilchschokolade-Haselnuss",MOSER ROTH,2.19,,EUR,,,100 g,100,g,FALSE,,,,,hofer,https://www.hofer.at/de/p.moser-roth-bio-schokolade-vollmilchschokolade-haselnuss.000000000318236001.html,https://www.hofer.at/de/p.moser-roth-bio-schokolade-vollmilchschokolade-haselnuss.000000000318236001.html,Tafelware
2026-03-26T14:17:54+0100,2026-03-26,Lidl,Butter,Teebutter,Eigenmarke,,,,,EUR,,,,,,,,,,,lidl,https://www.lidl.at/p/schaerdinger-sommerbutter/p10046703,,SCRAPE_ERROR: Not Found (HTTP 404).
2026-03-26T14:17:56+0100,2026-03-26,Lidl,Eier,Eier,Eigenmarke,Weiße Eier aus Bodenhaltung,,2.79,,EUR,,,<ul> <li>Gr&ouml;&szlig;e M/L</li> </ul>,,,FALSE,,,,,lidl,https://www.lidl.at/p/weisse-eier-aus-bodenhaltung/p10047011,https://www.lidl.at/p/weisse-eier-aus-bodenhaltung/p10047011,Packungsgroesse dokumentieren
2026-03-26T14:17:57+0100,2026-03-26,Lidl,Fisch,Raeucherlachs,Eigenmarke,Norwegischer Räucherlachs mit Pistazien,Deluxe,3.99,,EUR,,,,,,FALSE,,,,,lidl,https://www.lidl.at/p/deluxe-norwegischer-raeucherlachs-mit-pistazien/p10045802,https://www.lidl.at/p/deluxe-norwegischer-raeucherlachs-mit-pistazien/p10045802,Moeglichst Standardprodukt
2026-03-26T14:17:59+0100,2026-03-26,Lidl,Fleisch,Faschiertes gemischt,Eigenmarke,Frisches Faschiertes gemischt,FALSE,3.99,,EUR,1,Je 1 kg,Je 1 kg,1,kg,FALSE,,1+1 gratis,bundle,,lidl,https://www.lidl.at/q/search?q=Faschiertes%20gemischt,https://www.lidl.at/p/frisches-faschiertes-gemischt/p10046926,Frischware
2026-03-26T14:17:59+0100,2026-03-26,Lidl,Fleisch,Faschiertes gemischt,Eigenmarke,WIESENTALER Frisches Faschiertes gemischt,WIESENTALER,,,EUR,,,,,,FALSE,,,,,lidl,https://www.lidl.at/q/search?q=Faschiertes%20gemischt,https://www.lidl.at/p/wiesentaler-frisches-faschiertes-gemischt/p10046977,Frischware
2026-03-26T14:17:59+0100,2026-03-26,Lidl,Fleisch,Faschiertes gemischt,Eigenmarke,WIESENTALER Frisches Faschiertes gemischt,/q/search?q=wiesentaler,,,EUR,,,,,,FALSE,,,,,lidl,https://www.lidl.at/q/search?q=Faschiertes%20gemischt,https://www.lidl.at/p/wiesentaler-frisches-faschiertes-gemischt/p10046977,Frischware
2026-03-26T14:17:59+0100,2026-03-26,Lidl,Fleisch,Faschiertes gemischt,Eigenmarke,WIESENTALER Frisches Faschiertes gemischt,TRUE,,,EUR,,,,,,FALSE,,,,,lidl,https://www.lidl.at/q/search?q=Faschiertes%20gemischt,https://www.lidl.at/p/wiesentaler-frisches-faschiertes-gemischt/p10046977,Frischware
2026-03-26T14:18:00+0100,2026-03-26,Lidl,Kaese,Mozzarella,Eigenmarke,TRATTORIA ALFREDO Glutenfreie Pizza Calzone,TRATTORIA ALFREDO,3.49,,EUR,250,Je 250 g (1 kg = 13.96),Je 250 g (1 kg = 13.96),250,g,TRUE,,Aktion,discount,,lidl,https://www.lidl.at/q/search?q=Mozzarella,https://www.lidl.at/p/trattoria-alfredo-glutenfreie-pizza-calzone/p10046980,Kugel oder Standardpackung
2026-03-26T14:18:00+0100,2026-03-26,Lidl,Kaese,Mozzarella,Eigenmarke,TRATTORIA ALFREDO Glutenfreie Pizza Calzone,/q/search?q=trattoria+alfredo,3.49,,EUR,250,Je 250 g (1 kg = 13.96),Je 250 g (1 kg = 13.96),250,g,TRUE,,Aktion,discount,,lidl,https://www.lidl.at/q/search?q=Mozzarella,https://www.lidl.at/p/trattoria-alfredo-glutenfreie-pizza-calzone/p10046980,Kugel oder Standardpackung
2026-03-26T14:18:00+0100,2026-03-26,Lidl,Kaese,Mozzarella,Eigenmarke,TRATTORIA ALFREDO Glutenfreie Pizza Calzone,TRUE,3.49,,EUR,250,Je 250 g (1 kg = 13.96),Je 250 g (1 kg = 13.96),250,g,TRUE,,Aktion,discount,,lidl,https://www.lidl.at/q/search?q=Mozzarella,https://www.lidl.at/p/trattoria-alfredo-glutenfreie-pizza-calzone/p10046980,Kugel oder Standardpackung
2026-03-26T14:18:02+0100,2026-03-26,Lidl,Kaffee,Kaffee Crema,Eigenmarke,,,,,EUR,,,,,,,,,,,lidl,https://www.lidl.at/q/search?q=Kaffee%20Crema,,SCRAPE_ERROR: parser returned no products.
2026-03-26T14:18:04+0100,2026-03-26,Lidl,Mehl,Weizenmehl universal,Eigenmarke,,,,,EUR,,,,,,,,,,,lidl,https://www.lidl.at/q/search?q=Weizenmehl%20universal,,SCRAPE_ERROR: parser returned no products.
2026-03-26T14:18:05+0100,2026-03-26,Lidl,Milch,Vollmilch,Eigenmarke,,,,,EUR,,,,,,,,,,,lidl,https://www.lidl.at/q/search?q=Vollmilch,,SCRAPE_ERROR: parser returned no products.
2026-03-26T14:18:06+0100,2026-03-26,Lidl,Schokolade,Vollmilchschokolade,Eigenmarke,,,,,EUR,,,,,,,,,,,lidl,https://www.lidl.at/q/search?q=Vollmilchschokolade,,SCRAPE_ERROR: parser returned no products.
2026-03-26T14:18:09+0100,2026-03-26,MPreis,Butter,Teebutter,Eigenmarke,Teebutter,,1.79,,EUR,7.16,"7,16€ /kg",250g,250,g,FALSE,,,,,mpreis,https://www.mpreis.at/search/Teebutter,,Streichfaehige oder klassische Butter
2026-03-26T14:18:09+0100,2026-03-26,MPreis,Butter,Teebutter,Eigenmarke,Primina Teebutter,,2.79,,EUR,11.16,"11,16€ /kg",250g,250,g,FALSE,,,,,mpreis,https://www.mpreis.at/search/Teebutter,,Streichfaehige oder klassische Butter
2026-03-26T14:18:09+0100,2026-03-26,MPreis,Butter,Teebutter,Eigenmarke,Premium Teebutter streichzart,,2.99,,EUR,11.96,"11,96€ /kg",250g,250,g,FALSE,,,,,mpreis,https://www.mpreis.at/search/Teebutter,,Streichfaehige oder klassische Butter
2026-03-26T14:18:09+0100,2026-03-26,MPreis,Butter,Teebutter,Eigenmarke,Premium Bio Teebutter,,2.99,,EUR,11.96,"11,96€ /kg",250g,250,g,FALSE,,,,,mpreis,https://www.mpreis.at/search/Teebutter,,Streichfaehige oder klassische Butter
2026-03-26T14:18:09+0100,2026-03-26,MPreis,Butter,Teebutter,Eigenmarke,L-Free Österreichische Teebutter laktosefrei,,2.89,,EUR,14.45,"14,45€ /kg",200g,200,g,FALSE,,,,,mpreis,https://www.mpreis.at/search/Teebutter,,Streichfaehige oder klassische Butter
2026-03-26T14:18:09+0100,2026-03-26,MPreis,Butter,Teebutter,Eigenmarke,Teebutter,,2.79,,EUR,11.16,"11,16€ /kg",250g,250,g,FALSE,,,,,mpreis,https://www.mpreis.at/search/Teebutter,,Streichfaehige oder klassische Butter
2026-03-26T14:18:09+0100,2026-03-26,MPreis,Butter,Teebutter,Eigenmarke,Teebutter Süßrahm,,2.79,,EUR,11.16,"11,16€ /kg",250g,250,g,FALSE,,,,,mpreis,https://www.mpreis.at/search/Teebutter,,Streichfaehige oder klassische Butter
2026-03-26T14:18:09+0100,2026-03-26,MPreis,Butter,Teebutter,Eigenmarke,Bio Wiesenmilch Teebutter,,2.99,,EUR,11.96,"11,96€ /kg",250g,250,g,FALSE,,,,,mpreis,https://www.mpreis.at/search/Teebutter,,Streichfaehige oder klassische Butter
2026-03-26T14:18:09+0100,2026-03-26,MPreis,Butter,Teebutter,Eigenmarke,Bio Teebutter Süßrahm,,3.19,,EUR,12.76,"12,76€ /kg",250g,250,g,FALSE,,,,,mpreis,https://www.mpreis.at/search/Teebutter,,Streichfaehige oder klassische Butter
2026-03-26T14:18:09+0100,2026-03-26,MPreis,Butter,Teebutter,Eigenmarke,Teebutter Sauerrahm,,2.79,,EUR,11.16,"11,16€ /kg",250g,250,g,FALSE,,,,,mpreis,https://www.mpreis.at/search/Teebutter,,Streichfaehige oder klassische Butter
2026-03-26T14:18:09+0100,2026-03-26,MPreis,Butter,Teebutter,Eigenmarke,Teebutter,,1.49,,EUR,11.92,"11,92€ /kg",125g,125,g,FALSE,,,,,mpreis,https://www.mpreis.at/search/Teebutter,,Streichfaehige oder klassische Butter
2026-03-26T14:18:13+0100,2026-03-26,MPreis,Eier,Eier,Eigenmarke,Bio-Eier 10er,,5.29,,EUR,0.53,"0,53€ /Stk",10STK,10,stk,FALSE,,,,,mpreis,https://www.mpreis.at/search/Eier,,Packungsgroesse dokumentieren
2026-03-26T14:18:13+0100,2026-03-26,MPreis,Eier,Eier,Eigenmarke,Freilandeier 6er,,3.29,,EUR,0.55,"0,55€ /Stk",6STK,6,stk,FALSE,,,,,mpreis,https://www.mpreis.at/search/Eier,,Packungsgroesse dokumentieren
2026-03-26T14:18:13+0100,2026-03-26,MPreis,Eier,Eier,Eigenmarke,Freilandeier 15er,,6.39,,EUR,0.43,"0,43€ /Stk",15STK,15,stk,FALSE,,,,,mpreis,https://www.mpreis.at/search/Eier,,Packungsgroesse dokumentieren
2026-03-26T14:18:13+0100,2026-03-26,MPreis,Eier,Eier,Eigenmarke,Eier Bodenhaltung M 10er-Packung,,2.79,,EUR,0.28,"0,28€ /Stk",10STK,10,stk,FALSE,,,,,mpreis,https://www.mpreis.at/search/Eier,,Packungsgroesse dokumentieren
2026-03-26T14:18:13+0100,2026-03-26,MPreis,Eier,Eier,Eigenmarke,Eier Freilandhaltung L 10er-Packung,,4.69,,EUR,0.47,"0,47€ /Stk",10STK,10,stk,FALSE,,,,,mpreis,https://www.mpreis.at/search/Eier,,Packungsgroesse dokumentieren
2026-03-26T14:18:13+0100,2026-03-26,MPreis,Eier,Eier,Eigenmarke,Bio Eier M/L 6er-Packung,,4.79,,EUR,0.8,"0,80€ /Stk",6STK,6,stk,FALSE,,,,,mpreis,https://www.mpreis.at/search/Eier,,Packungsgroesse dokumentieren
2026-03-26T14:18:13+0100,2026-03-26,MPreis,Eier,Eier,Eigenmarke,Eier Bodenhaltung L 10er-Packung,,4.29,,EUR,0.43,"0,43€ /Stk",10STK,10,stk,FALSE,,,,,mpreis,https://www.mpreis.at/search/Eier,,Packungsgroesse dokumentieren
2026-03-26T14:18:13+0100,2026-03-26,MPreis,Eier,Eier,Eigenmarke,Ostereier Freilandhaltung 6er-Packung,,4.29,,EUR,0.72,"0,72€ /Stk",6STK,6,stk,FALSE,,,,,mpreis,https://www.mpreis.at/search/Eier,,Packungsgroesse dokumentieren
2026-03-26T14:18:13+0100,2026-03-26,MPreis,Eier,Eier,Eigenmarke,Ostereier Freilandhaltung 10er-Packung,,5.29,,EUR,0.53,"0,53€ /Stk",10STK,10,stk,FALSE,,,,,mpreis,https://www.mpreis.at/search/Eier,,Packungsgroesse dokumentieren
2026-03-26T14:18:13+0100,2026-03-26,MPreis,Eier,Eier,Eigenmarke,Ostereier Bodenhaltung 10er-Packung,,3.99,,EUR,0.4,"0,40€ /Stk",10STK,10,stk,FALSE,,,,,mpreis,https://www.mpreis.at/search/Eier,,Packungsgroesse dokumentieren
2026-03-26T14:18:13+0100,2026-03-26,MPreis,Eier,Eier,Eigenmarke,Ostereier Bodenhaltung 6er-Packung,,3.29,,EUR,0.55,"0,55€ /Stk",6STK,6,stk,FALSE,,,,,mpreis,https://www.mpreis.at/search/Eier,,Packungsgroesse dokumentieren
2026-03-26T14:18:13+0100,2026-03-26,MPreis,Eier,Eier,Eigenmarke,Freilandeier Premium 10er-Packung,,5.29,,EUR,0.53,"0,53€ /Stk",10STK,10,stk,FALSE,,,,,mpreis,https://www.mpreis.at/search/Eier,,Packungsgroesse dokumentieren
2026-03-26T14:18:13+0100,2026-03-26,MPreis,Eier,Eier,Eigenmarke,Eier Freilandhaltung XL 10er-Packung,,6.29,,EUR,0.63,"0,63€ /Stk",10STK,10,stk,FALSE,,,,,mpreis,https://www.mpreis.at/search/Eier,,Packungsgroesse dokumentieren
2026-03-26T14:18:13+0100,2026-03-26,MPreis,Eier,Eier,Eigenmarke,Eier Bodenhaltung L 6er-Packung,,3.29,,EUR,0.55,"0,55€ /Stk",6STK,6,stk,FALSE,,,,,mpreis,https://www.mpreis.at/search/Eier,,Packungsgroesse dokumentieren
2026-03-26T14:18:13+0100,2026-03-26,MPreis,Eier,Eier,Eigenmarke,Tiroler Ostereier Freilandhaltung 6er-Packung,,4.19,,EUR,0.7,"0,70€ /Stk",6STK,6,stk,FALSE,,,,,mpreis,https://www.mpreis.at/search/Eier,,Packungsgroesse dokumentieren
2026-03-26T14:18:13+0100,2026-03-26,MPreis,Eier,Eier,Eigenmarke,Eier 4er-Packung,,3.29,,EUR,0.82,"0,82€ /Stk",4STK,4,stk,FALSE,,,,,mpreis,https://www.mpreis.at/search/Eier,,Packungsgroesse dokumentieren
2026-03-26T14:18:13+0100,2026-03-26,MPreis,Eier,Eier,Eigenmarke,Bio Ostereier 6er-Packung,,5.19,,EUR,0.87,"0,87€ /Stk",6STK,6,stk,FALSE,,,,,mpreis,https://www.mpreis.at/search/Eier,,Packungsgroesse dokumentieren
2026-03-26T14:18:13+0100,2026-03-26,MPreis,Eier,Eier,Eigenmarke,Jauseneier Bodenhaltung 6er-Packung,,3.19,,EUR,0.53,"0,53€ /Stk",6STK,6,stk,FALSE,,,,,mpreis,https://www.mpreis.at/search/Eier,,Packungsgroesse dokumentieren
2026-03-26T14:18:13+0100,2026-03-26,MPreis,Eier,Eier,Eigenmarke,Jauseneier Freilandhaltung 4er-Packung,,3.29,,EUR,0.82,"0,82€ /Stk",4STK,4,stk,FALSE,,,,,mpreis,https://www.mpreis.at/search/Eier,,Packungsgroesse dokumentieren
2026-03-26T14:18:13+0100,2026-03-26,MPreis,Eier,Eier,Eigenmarke,Bio Eier L lose,,0.7,,EUR,0.7,"0,70€ /Stk",1STK,1,stk,FALSE,,,,,mpreis,https://www.mpreis.at/search/Eier,,Packungsgroesse dokumentieren
2026-03-26T14:18:13+0100,2026-03-26,MPreis,Eier,Eier,Eigenmarke,Eier weiß Bodenhaltung 10er-Packung,,3.99,,EUR,0.4,"0,40€ /Stk",10STK,10,stk,FALSE,,,,,mpreis,https://www.mpreis.at/search/Eier,,Packungsgroesse dokumentieren
2026-03-26T14:18:13+0100,2026-03-26,MPreis,Eier,Eier,Eigenmarke,Eier Freilandhaltung L 6er-Packung,,3.59,,EUR,0.6,"0,60€ /Stk",6STK,6,stk,FALSE,,,,,mpreis,https://www.mpreis.at/search/Eier,,Packungsgroesse dokumentieren
2026-03-26T14:18:13+0100,2026-03-26,MPreis,Eier,Eier,Eigenmarke,Bio Freilandeier,,0.59,,EUR,0.59,"0,59€ /Stk",1STK,1,stk,FALSE,,,,,mpreis,https://www.mpreis.at/search/Eier,,Packungsgroesse dokumentieren
2026-03-26T14:18:13+0100,2026-03-26,MPreis,Eier,Eier,Eigenmarke,Osttiroler Freilandeier M 10er-pack,,4.29,,EUR,0.43,"0,43€ /Stk",10STK,10,stk,FALSE,,,,,mpreis,https://www.mpreis.at/search/Eier,,Packungsgroesse dokumentieren
2026-03-26T14:18:13+0100,2026-03-26,MPreis,Eier,Eier,Eigenmarke,Bio Eier M/L 10er-Packung,,6.99,,EUR,0.7,"0,70€ /Stk",10STK,10,stk,FALSE,,,,,mpreis,https://www.mpreis.at/search/Eier,,Packungsgroesse dokumentieren
2026-03-26T14:18:13+0100,2026-03-26,MPreis,Eier,Eier,Eigenmarke,Osttiroler Freilandeier L 6er-pack,,3.29,,EUR,0.55,"0,55€ /Stk",6STK,6,stk,FALSE,,,,,mpreis,https://www.mpreis.at/search/Eier,,Packungsgroesse dokumentieren
2026-03-26T14:18:13+0100,2026-03-26,MPreis,Eier,Eier,Eigenmarke,Eier Bodenhaltung L 10er-Packung,,3.99,,EUR,0.4,"0,40€ /Stk",10STK,10,stk,FALSE,,,,,mpreis,https://www.mpreis.at/search/Eier,,Packungsgroesse dokumentieren
2026-03-26T14:18:13+0100,2026-03-26,MPreis,Eier,Eier,Eigenmarke,Eier Bodenhaltung M 10er-Packung,,3.89,,EUR,0.39,"0,39€ /Stk",10STK,10,stk,FALSE,,,,,mpreis,https://www.mpreis.at/search/Eier,,Packungsgroesse dokumentieren
2026-03-26T14:18:13+0100,2026-03-26,MPreis,Eier,Eier,Eigenmarke,Eier Freilandhaltung M 10er-Packung,,4.19,,EUR,0.42,"0,42€ /Stk",10STK,10,stk,FALSE,,,,,mpreis,https://www.mpreis.at/search/Eier,,Packungsgroesse dokumentieren
2026-03-26T14:18:13+0100,2026-03-26,MPreis,Eier,Eier,Eigenmarke,Freilandeier M 10er-Packung,,3.99,,EUR,0.4,"0,40€ /Stk",10STK,10,stk,FALSE,,,,,mpreis,https://www.mpreis.at/search/Eier,,Packungsgroesse dokumentieren
2026-03-26T14:18:13+0100,2026-03-26,MPreis,Eier,Eier,Eigenmarke,Freilandeier L 6er-Packung,,3.49,,EUR,0.58,"0,58€ /Stk",6STK,6,stk,FALSE,,,,,mpreis,https://www.mpreis.at/search/Eier,,Packungsgroesse dokumentieren
2026-03-26T14:18:13+0100,2026-03-26,MPreis,Eier,Eier,Eigenmarke,Eier L 10er-pack,,4.29,,EUR,0.43,"0,43€ /Stk",10STK,10,stk,FALSE,,,,,mpreis,https://www.mpreis.at/search/Eier,,Packungsgroesse dokumentieren
2026-03-26T14:18:13+0100,2026-03-26,MPreis,Eier,Eier,Eigenmarke,Bio Eier M 10er-Packung,,5.99,,EUR,0.6,"0,60€ /Stk",10STK,10,stk,FALSE,,,,,mpreis,https://www.mpreis.at/search/Eier,,Packungsgroesse dokumentieren
2026-03-26T14:18:13+0100,2026-03-26,MPreis,Eier,Eier,Eigenmarke,Eier Bodenhaltung L 10er-pack,,3.99,,EUR,0.4,"0,40€ /Stk",10STK,10,stk,FALSE,,,,,mpreis,https://www.mpreis.at/search/Eier,,Packungsgroesse dokumentieren
2026-03-26T14:18:13+0100,2026-03-26,MPreis,Eier,Eier,Eigenmarke,Bio Eier L 6er-Packung,,3.79,,EUR,0.63,"0,63€ /Stk",6STK,6,stk,FALSE,,,,,mpreis,https://www.mpreis.at/search/Eier,,Packungsgroesse dokumentieren
2026-03-26T14:18:13+0100,2026-03-26,MPreis,Eier,Eier,Eigenmarke,Wachteleier,,2.99,,EUR,0.5,"0,50€ /Stk",6STK,6,stk,FALSE,,,,,mpreis,https://www.mpreis.at/search/Eier,,Packungsgroesse dokumentieren
2026-03-26T14:18:13+0100,2026-03-26,MPreis,Eier,Eier,Eigenmarke,Eier Bodenhaltung M 10er-Packung,,3.49,,EUR,0.35,"0,35€ /Stk",10STK,10,stk,FALSE,,,,,mpreis,https://www.mpreis.at/search/Eier,,Packungsgroesse dokumentieren
2026-03-26T14:18:13+0100,2026-03-26,MPreis,Eier,Eier,Eigenmarke,Eier Bodenhaltung M 6er-Packung,,2.59,,EUR,0.43,"0,43€ /Stk",6STK,6,stk,FALSE,,,,,mpreis,https://www.mpreis.at/search/Eier,,Packungsgroesse dokumentieren
2026-03-26T14:18:13+0100,2026-03-26,MPreis,Eier,Eier,Eigenmarke,Schober Eier BH M 10er,,3.79,,EUR,0.38,"0,38€ /Stk",10STK,10,stk,FALSE,,,,,mpreis,https://www.mpreis.at/search/Eier,,Packungsgroesse dokumentieren
2026-03-26T14:18:13+0100,2026-03-26,MPreis,Eier,Eier,Eigenmarke,Eier Bodenhaltung M 15er-Packung,,4.69,,EUR,0.31,"0,31€ /Stk",15STK,15,stk,FALSE,,,,,mpreis,https://www.mpreis.at/search/Eier,,Packungsgroesse dokumentieren
2026-03-26T14:18:13+0100,2026-03-26,MPreis,Eier,Eier,Eigenmarke,Kärntner Ostereier Bodenhaltung M10,,4.99,,EUR,0.5,"0,50€ /Stk",10STK,10,stk,FALSE,,,,,mpreis,https://www.mpreis.at/search/Eier,,Packungsgroesse dokumentieren
2026-03-26T14:18:13+0100,2026-03-26,MPreis,Eier,Eier,Eigenmarke,Echte Kärntner Eier Bodenhaltung M 30er,,7.99,,EUR,0.27,"0,27€ /Stk",30STK,30,stk,FALSE,,,,,mpreis,https://www.mpreis.at/search/Eier,,Packungsgroesse dokumentieren
2026-03-26T14:18:14+0100,2026-03-26,MPreis,Fisch,Raeucherlachs,Eigenmarke,Räucherlachs,,5.99,,EUR,39.93,"39,93€ /kg",150g,150,g,FALSE,,,,,mpreis,https://www.mpreis.at/search/Raeucherlachs,,Moeglichst Standardprodukt
2026-03-26T14:18:14+0100,2026-03-26,MPreis,Fisch,Raeucherlachs,Eigenmarke,Räucherlachs,,4.99,,EUR,24.95,"24,95€ /kg",200g,200,g,FALSE,,,,,mpreis,https://www.mpreis.at/search/Raeucherlachs,,Moeglichst Standardprodukt
2026-03-26T14:18:14+0100,2026-03-26,MPreis,Fisch,Raeucherlachs,Eigenmarke,Räucherlachs Pate,,3.69,,EUR,36.9,"36,90€ /kg",100g,100,g,FALSE,,,,,mpreis,https://www.mpreis.at/search/Raeucherlachs,,Moeglichst Standardprodukt
2026-03-26T14:18:17+0100,2026-03-26,MPreis,Fleisch,Faschiertes gemischt,Eigenmarke,Faschiertes gemischt,,6.99,,EUR,13.98,"13,98€ /kg",500g,500,g,FALSE,,,,,mpreis,https://www.mpreis.at/search/Faschiertes%20gemischt,,Frischware
2026-03-26T14:18:17+0100,2026-03-26,MPreis,Fleisch,Faschiertes gemischt,Eigenmarke,Faschiertes mager gemischt,,5.49,,EUR,18.3,"18,30€ /kg",300g,300,g,FALSE,,,,,mpreis,https://www.mpreis.at/search/Faschiertes%20gemischt,,Frischware
2026-03-26T14:18:17+0100,2026-03-26,MPreis,Fleisch,Faschiertes gemischt,Eigenmarke,Bio Tiroler Faschiertes gemischt,,6.99,,EUR,21.18,"21,18€ /kg",330g,330,g,FALSE,,,,,mpreis,https://www.mpreis.at/search/Faschiertes%20gemischt,,Frischware
2026-03-26T14:18:17+0100,2026-03-26,MPreis,Fleisch,Faschiertes gemischt,Eigenmarke,Faschiertes gemischt,,7.99,,EUR,7.99,"7,99€ /kg",1000g,100,g,FALSE,,,,,mpreis,https://www.mpreis.at/search/Faschiertes%20gemischt,,Frischware
2026-03-26T14:18:17+0100,2026-03-26,MPreis,Fleisch,Faschiertes gemischt,Eigenmarke,T&G XL Faschiertes gemischt Großpackung,,8.99,,EUR,8.99,"8,99€ /kg",1000g,100,g,FALSE,,,,,mpreis,https://www.mpreis.at/search/Faschiertes%20gemischt,,Frischware
2026-03-26T14:18:19+0100,2026-03-26,MPreis,Kaese,Mozzarella,Eigenmarke,Mozzarella,,2.39,,EUR,19.12,"19,12€ /kg",125g,125,g,FALSE,,,,,mpreis,https://www.mpreis.at/search/Mozzarella,,Kugel oder Standardpackung
2026-03-26T14:18:19+0100,2026-03-26,MPreis,Kaese,Mozzarella,Eigenmarke,Mozzarella gerieben,,1.99,,EUR,7.96,"7,96€ /kg",250g,250,g,FALSE,,,,,mpreis,https://www.mpreis.at/search/Mozzarella,,Kugel oder Standardpackung
2026-03-26T14:18:19+0100,2026-03-26,MPreis,Kaese,Mozzarella,Eigenmarke,Mozzarella,,0.79,,EUR,6.32,"6,32€ /kg",125g,125,g,FALSE,,,,,mpreis,https://www.mpreis.at/search/Mozzarella,,Kugel oder Standardpackung
2026-03-26T14:18:19+0100,2026-03-26,MPreis,Kaese,Mozzarella,Eigenmarke,Mozzarella Minis,,1.29,,EUR,10.32,"10,32€ /kg",125g,125,g,FALSE,,,,,mpreis,https://www.mpreis.at/search/Mozzarella,,Kugel oder Standardpackung
2026-03-26T14:18:19+0100,2026-03-26,MPreis,Kaese,Mozzarella,Eigenmarke,Mozzarella Maxi,,3.49,,EUR,17.45,"17,45€ /kg",200g,200,g,FALSE,,,,,mpreis,https://www.mpreis.at/search/Mozzarella,,Kugel oder Standardpackung
2026-03-26T14:18:19+0100,2026-03-26,MPreis,Kaese,Mozzarella,Eigenmarke,Mozzarella,,1.69,,EUR,13.52,"13,52€ /kg",125g,125,g,FALSE,,,,,mpreis,https://www.mpreis.at/search/Mozzarella,,Kugel oder Standardpackung
2026-03-26T14:18:19+0100,2026-03-26,MPreis,Kaese,Mozzarella,Eigenmarke,Bio Mozzarella,,1.89,,EUR,18.9,"18,90€ /kg",100g,100,g,FALSE,,,,,mpreis,https://www.mpreis.at/search/Mozzarella,,Kugel oder Standardpackung
2026-03-26T14:18:19+0100,2026-03-26,MPreis,Kaese,Mozzarella,Eigenmarke,Mozzarella leicht,,0.79,,EUR,6.32,"6,32€ /kg",125g,125,g,FALSE,,,,,mpreis,https://www.mpreis.at/search/Mozzarella,,Kugel oder Standardpackung
2026-03-26T14:18:19+0100,2026-03-26,MPreis,Kaese,Mozzarella,Eigenmarke,Mozzarella Stange 45%,,5.79,,EUR,14.48,"14,48€ /kg",400g,400,g,FALSE,,,,,mpreis,https://www.mpreis.at/search/Mozzarella,,Kugel oder Standardpackung
2026-03-26T14:18:19+0100,2026-03-26,MPreis,Kaese,Mozzarella,Eigenmarke,Ristorante Mozzarella,,3.99,,EUR,11.24,"11,24€ /kg",355g,355,g,FALSE,,,,,mpreis,https://www.mpreis.at/search/Mozzarella,,Kugel oder Standardpackung
2026-03-26T14:18:19+0100,2026-03-26,MPreis,Kaese,Mozzarella,Eigenmarke,Mozzarella 40% gerieben,,1.99,,EUR,9.95,"9,95€ /kg",200g,200,g,FALSE,,,multi_buy,Ab 2 Stk. je,mpreis,https://www.mpreis.at/search/Mozzarella,,Kugel oder Standardpackung
2026-03-26T14:18:19+0100,2026-03-26,MPreis,Kaese,Mozzarella,Eigenmarke,Tomaten-Mozzarella Salat,,3.49,,EUR,13.69,"13,69€ /kg",255g,255,g,FALSE,,,,,mpreis,https://www.mpreis.at/search/Mozzarella,,Kugel oder Standardpackung
2026-03-26T14:18:19+0100,2026-03-26,MPreis,Kaese,Mozzarella,Eigenmarke,Mozzarella 45%,,2.19,,EUR,17.52,"17,52€ /kg",125g,125,g,FALSE,,,,,mpreis,https://www.mpreis.at/search/Mozzarella,,Kugel oder Standardpackung
2026-03-26T14:18:19+0100,2026-03-26,MPreis,Kaese,Mozzarella,Eigenmarke,Mozzarella light,,1.69,,EUR,13.52,"13,52€ /kg",125g,125,g,FALSE,,,,,mpreis,https://www.mpreis.at/search/Mozzarella,,Kugel oder Standardpackung
2026-03-26T14:18:19+0100,2026-03-26,MPreis,Kaese,Mozzarella,Eigenmarke,Back-Mozzarella Sticks,,3.59,,EUR,17.95,"17,95€ /kg",200g,200,g,FALSE,,,,,mpreis,https://www.mpreis.at/search/Mozzarella,,Kugel oder Standardpackung
2026-03-26T14:18:19+0100,2026-03-26,MPreis,Kaese,Mozzarella,Eigenmarke,Ravioli con Pomodoro grigliato Mozzarella e Basilico,,3.49,,EUR,13.96,"13,96€ /kg",250g,250,g,FALSE,,,,,mpreis,https://www.mpreis.at/search/Mozzarella,,Kugel oder Standardpackung
2026-03-26T14:18:19+0100,2026-03-26,MPreis,Kaese,Mozzarella,Eigenmarke,Bio Mozzarella 45%,,1.39,,EUR,11.12,"11,12€ /kg",125g,125,g,FALSE,,,,,mpreis,https://www.mpreis.at/search/Mozzarella,,Kugel oder Standardpackung
2026-03-26T14:18:19+0100,2026-03-26,MPreis,Kaese,Mozzarella,Eigenmarke,Crispy Mozzarella Sticks mit Red-Pepp,,2.19,,EUR,8.76,"8,76€ /kg",250g,250,g,FALSE,,,,,mpreis,https://www.mpreis.at/search/Mozzarella,,Kugel oder Standardpackung
2026-03-26T14:18:19+0100,2026-03-26,MPreis,Kaese,Mozzarella,Eigenmarke,Pfannen-Gnocchi Spinat-Mozzarella,,2.99,,EUR,10.68,"10,68€ /kg",280g,280,g,FALSE,,,,,mpreis,https://www.mpreis.at/search/Mozzarella,,Kugel oder Standardpackung
2026-03-26T14:18:19+0100,2026-03-26,MPreis,Kaese,Mozzarella,Eigenmarke,Ristorante Mozzarella glutenfrei,,4.49,,EUR,12.14,"12,14€ /kg",370g,370,g,FALSE,,,,,mpreis,https://www.mpreis.at/search/Mozzarella,,Kugel oder Standardpackung
2026-03-26T14:18:19+0100,2026-03-26,MPreis,Kaese,Mozzarella,Eigenmarke,Piccolinis Tomate-Mozzarella Pizza,,3.99,,EUR,14.78,"14,78€ /kg",270g,270,g,FALSE,,,,,mpreis,https://www.mpreis.at/search/Mozzarella,,Kugel oder Standardpackung
2026-03-26T14:18:19+0100,2026-03-26,MPreis,Kaese,Mozzarella,Eigenmarke,Mozzarella Tris,,3.99,,EUR,13.3,"13,30€ /kg",300g,300,g,FALSE,,,,,mpreis,https://www.mpreis.at/search/Mozzarella,,Kugel oder Standardpackung
2026-03-26T14:18:19+0100,2026-03-26,MPreis,Kaese,Mozzarella,Eigenmarke,Mozzarella laktosefrei 40%,,2.19,,EUR,17.52,"17,52€ /kg",125g,125,g,FALSE,,,,,mpreis,https://www.mpreis.at/search/Mozzarella,,Kugel oder Standardpackung
2026-03-26T14:18:19+0100,2026-03-26,MPreis,Kaese,Mozzarella,Eigenmarke,Gerieben Mozzarella Geschmack,,2.99,,EUR,19.93,"19,93€ /kg",150g,150,g,FALSE,,,,,mpreis,https://www.mpreis.at/search/Mozzarella,,Kugel oder Standardpackung
2026-03-26T14:18:19+0100,2026-03-26,MPreis,Kaese,Mozzarella,Eigenmarke,Pesto Basilico Mozzarella Bufala,,3.69,,EUR,19.42,"19,42€ /kg",190g,190,g,FALSE,,,,,mpreis,https://www.mpreis.at/search/Mozzarella,,Kugel oder Standardpackung
2026-03-26T14:18:19+0100,2026-03-26,MPreis,Kaese,Mozzarella,Eigenmarke,Steinofen Mozzarella Pizza,,3.99,,EUR,11.4,"11,40€ /kg",350g,350,g,FALSE,,,,,mpreis,https://www.mpreis.at/search/Mozzarella,,Kugel oder Standardpackung
2026-03-26T14:18:19+0100,2026-03-26,MPreis,Kaese,Mozzarella,Eigenmarke,Pasta Snack Mozzarella,,2.19,,EUR,34.76,"34,76€ /kg",63g,63,g,FALSE,,,,,mpreis,https://www.mpreis.at/search/Mozzarella,,Kugel oder Standardpackung
2026-03-26T14:18:19+0100,2026-03-26,MPreis,Kaese,Mozzarella,Eigenmarke,Spinat Mozzarella Taschen,,3.69,,EUR,7.38,"7,38€ /kg",500g,500,g,FALSE,,,,,mpreis,https://www.mpreis.at/search/Mozzarella,,Kugel oder Standardpackung
2026-03-26T14:18:19+0100,2026-03-26,MPreis,Kaese,Mozzarella,Eigenmarke,Intermezzo Tomate Mozzarella,,3.29,,EUR,17.78,"17,78€ /kg",185g,185,g,FALSE,,,,,mpreis,https://www.mpreis.at/search/Mozzarella,,Kugel oder Standardpackung
2026-03-26T14:18:19+0100,2026-03-26,MPreis,Kaese,Mozzarella,Eigenmarke,Spaghetteria Pomodoro Mozzarella Fertiggericht,,2.99,,EUR,16.52,"16,52€ /kg",181g,181,g,FALSE,,,,,mpreis,https://www.mpreis.at/search/Mozzarella,,Kugel oder Standardpackung
2026-03-26T14:18:19+0100,2026-03-26,MPreis,Kaese,Mozzarella,Eigenmarke,Margherita Tomate Mozzarella,,2.3,,EUR,20.91,"20,91€ /kg",110g,110,g,FALSE,,,,,mpreis,https://www.mpreis.at/search/Mozzarella,,Kugel oder Standardpackung
2026-03-26T14:18:19+0100,2026-03-26,MPreis,Kaese,Mozzarella,Eigenmarke,Mozzarella 50%,,1.79,,EUR,100,Per 100g,,100,g,FALSE,,,,,mpreis,https://www.mpreis.at/search/Mozzarella,,Kugel oder Standardpackung
2026-03-26T14:18:19+0100,2026-03-26,MPreis,Kaese,Mozzarella,Eigenmarke,Galbani Mozzarella Scheiben Baguette,,9.59,,EUR,9.59,"9,59€ /kg",1kg,1,kg,FALSE,,,,,mpreis,https://www.mpreis.at/search/Mozzarella,,Kugel oder Standardpackung
2026-03-26T14:18:22+0100,2026-03-26,MPreis,Kaffee,Kaffee Crema,Eigenmarke,Kaffeepads Crema 20er-Packung,,2.49,,EUR,17.79,"17,79€ /kg",140g,140,g,FALSE,,,,,mpreis,https://www.mpreis.at/search/Kaffee%20Crema,,Ganze Bohne wenn verfuegbar
2026-03-26T14:18:22+0100,2026-03-26,MPreis,Kaffee,Kaffee Crema,Eigenmarke,Classic Crema Löskaffee,,7.24,,EUR,36.2,"36,20€ /kg",200g,200,g,FALSE,,,,Bei 2 Stk. je,mpreis,https://www.mpreis.at/search/Kaffee%20Crema,,Ganze Bohne wenn verfuegbar
2026-03-26T14:18:22+0100,2026-03-26,MPreis,Kaffee,Kaffee Crema,Eigenmarke,Gold Crema Löskaffee,,15.49,,EUR,77.45,"77,45€ /kg",200g,200,g,FALSE,,,,,mpreis,https://www.mpreis.at/search/Kaffee%20Crema,,Ganze Bohne wenn verfuegbar
2026-03-26T14:18:22+0100,2026-03-26,MPreis,Kaffee,Kaffee Crema,Eigenmarke,Crema e Gusto gemahlen,,8.49,,EUR,33.96,"33,96€ /kg",250g,250,g,FALSE,,,,,mpreis,https://www.mpreis.at/search/Kaffee%20Crema,,Ganze Bohne wenn verfuegbar
2026-03-26T14:18:22+0100,2026-03-26,MPreis,Kaffee,Kaffee Crema,Eigenmarke,Crema e Aroma ganze Bohne,,28.99,,EUR,28.99,"28,99€ /kg",1000g,100,g,FALSE,,,,,mpreis,https://www.mpreis.at/search/Kaffee%20Crema,,Ganze Bohne wenn verfuegbar
2026-03-26T14:18:22+0100,2026-03-26,MPreis,Kaffee,Kaffee Crema,Eigenmarke,Crema vollmundig 1 kg,,23.99,,EUR,23.99,"23,99€ /kg",1000g,100,g,FALSE,,,,,mpreis,https://www.mpreis.at/search/Kaffee%20Crema,,Ganze Bohne wenn verfuegbar
2026-03-26T14:18:22+0100,2026-03-26,MPreis,Kaffee,Kaffee Crema,Eigenmarke,Auslese Crema Bohne,,13.99,,EUR,13.99,"13,99€ /kg",1000g,100,g,TRUE,-30,-30%,discount,"19,99",mpreis,https://www.mpreis.at/search/Kaffee%20Crema,,Ganze Bohne wenn verfuegbar
2026-03-26T14:18:22+0100,2026-03-26,MPreis,Kaffee,Kaffee Crema,Eigenmarke,Crema Elegante ganze Bohne,,15.99,,EUR,15.99,"15,99€ /kg",1kg,1,kg,TRUE,-30,-30%,discount,"22,99",mpreis,https://www.mpreis.at/search/Kaffee%20Crema,,Ganze Bohne wenn verfuegbar
2026-03-26T14:18:22+0100,2026-03-26,MPreis,Kaffee,Kaffee Crema,Eigenmarke,Passione Crema Bohne,,23.99,,EUR,23.99,"23,99€ /kg",1000g,100,g,FALSE,,,,,mpreis,https://www.mpreis.at/search/Kaffee%20Crema,,Ganze Bohne wenn verfuegbar
2026-03-26T14:18:22+0100,2026-03-26,MPreis,Kaffee,Kaffee Crema,Eigenmarke,Cafissimo Caffé Crema vollmundig Vorratsbox 30 Kapseln,,11.49,,EUR,0.38,"0,38€ /Stk",30STK,30,stk,TRUE,-11,-11%,discount,"12,99",mpreis,https://www.mpreis.at/search/Kaffee%20Crema,,Ganze Bohne wenn verfuegbar
2026-03-26T14:18:22+0100,2026-03-26,MPreis,Kaffee,Kaffee Crema,Eigenmarke,Caffè Crema ganze Bohne,,12.99,,EUR,12.99,"12,99€ /kg",1000g,100,g,FALSE,,,,,mpreis,https://www.mpreis.at/search/Kaffee%20Crema,,Ganze Bohne wenn verfuegbar
2026-03-26T14:18:22+0100,2026-03-26,MPreis,Kaffee,Kaffee Crema,Eigenmarke,Caffè Crema ganze Bohne,,9.99,,EUR,19.98,"19,98€ /kg",500g,500,g,FALSE,,,multi_buy,Ab 2 Stk. je,mpreis,https://www.mpreis.at/search/Kaffee%20Crema,,Ganze Bohne wenn verfuegbar
2026-03-26T14:18:22+0100,2026-03-26,MPreis,Kaffee,Kaffee Crema,Eigenmarke,Crema e Gusto Bohne,,21.99,,EUR,21.99,"21,99€ /kg",1000g,100,g,FALSE,,,,,mpreis,https://www.mpreis.at/search/Kaffee%20Crema,,Ganze Bohne wenn verfuegbar
2026-03-26T14:18:22+0100,2026-03-26,MPreis,Kaffee,Kaffee Crema,Eigenmarke,Caffè Crema Classico 18 Pads,,5.49,,EUR,43.92,"43,92€ /kg",125g,125,g,FALSE,,,,,mpreis,https://www.mpreis.at/search/Kaffee%20Crema,,Ganze Bohne wenn verfuegbar
2026-03-26T14:18:22+0100,2026-03-26,MPreis,Kaffee,Kaffee Crema,Eigenmarke,Caffé Crema Mild 1 kg,,23.99,,EUR,23.99,"23,99€ /kg",1000g,100,g,FALSE,,,,,mpreis,https://www.mpreis.at/search/Kaffee%20Crema,,Ganze Bohne wenn verfuegbar
2026-03-26T14:18:22+0100,2026-03-26,MPreis,Kaffee,Kaffee Crema,Eigenmarke,Cafissimo Crema Vollmundig 96 Kapseln,,37.99,,EUR,49.47,"49,47€ /kg",768g,768,g,FALSE,,,,,mpreis,https://www.mpreis.at/search/Kaffee%20Crema,,Ganze Bohne wenn verfuegbar
2026-03-26T14:18:22+0100,2026-03-26,MPreis,Kaffee,Kaffee Crema,Eigenmarke,Cafissimo Caffé Crema mild Vorratsbox 30 Kapseln,,11.49,,EUR,54.71,"54,71€ /kg",210g,210,g,TRUE,-11,-11%,discount,"12,99",mpreis,https://www.mpreis.at/search/Kaffee%20Crema,,Ganze Bohne wenn verfuegbar
2026-03-26T14:18:22+0100,2026-03-26,MPreis,Kaffee,Kaffee Crema,Eigenmarke,Alu Crema e Gusto Classico,,13.99,,EUR,81.81,"81,81€ /kg",171g,171,g,FALSE,,,,,mpreis,https://www.mpreis.at/search/Kaffee%20Crema,,Ganze Bohne wenn verfuegbar
2026-03-26T14:18:22+0100,2026-03-26,MPreis,Kaffee,Kaffee Crema,Eigenmarke,Trend Collection Caffè Crema Intenso ganze Bohne,,13.49,,EUR,13.49,"13,49€ /kg",1000g,100,g,FALSE,,,,Bei 2 Stk. je,mpreis,https://www.mpreis.at/search/Kaffee%20Crema,,Ganze Bohne wenn verfuegbar
2026-03-26T14:18:22+0100,2026-03-26,MPreis,Kaffee,Kaffee Crema,Eigenmarke,Caffe Crema 1 kg,,20.24,,EUR,20.24,"20,24€ /kg",1000g,100,g,TRUE,-25,-25%,discount,"26,99",mpreis,https://www.mpreis.at/search/Kaffee%20Crema,,Ganze Bohne wenn verfuegbar
2026-03-26T14:18:22+0100,2026-03-26,MPreis,Kaffee,Kaffee Crema,Eigenmarke,Selezione Crema ganze Bohne,,25.99,,EUR,25.99,"25,99€ /kg",1000g,100,g,FALSE,,,,,mpreis,https://www.mpreis.at/search/Kaffee%20Crema,,Ganze Bohne wenn verfuegbar
2026-03-26T14:18:22+0100,2026-03-26,MPreis,Kaffee,Kaffee Crema,Eigenmarke,Crema Elegante 16 Pads,,7.99,,EUR,0.22,"0,22€ /Stk",36STK,36,stk,FALSE,,,,,mpreis,https://www.mpreis.at/search/Kaffee%20Crema,,Ganze Bohne wenn verfuegbar
2026-03-26T14:18:22+0100,2026-03-26,MPreis,Kaffee,Kaffee Crema,Eigenmarke,Caffé Crema XL,,7.99,,EUR,60.08,"60,08€ /kg",133g,133,g,FALSE,,,,,mpreis,https://www.mpreis.at/search/Kaffee%20Crema,,Ganze Bohne wenn verfuegbar
2026-03-26T14:18:22+0100,2026-03-26,MPreis,Kaffee,Kaffee Crema,Eigenmarke,Cafissimo Crema vollmundig 10er-Packung,,4.49,,EUR,0.45,"0,45€ /Stk",10STK,10,stk,FALSE,,,,,mpreis,https://www.mpreis.at/search/Kaffee%20Crema,,Ganze Bohne wenn verfuegbar
2026-03-26T14:18:22+0100,2026-03-26,MPreis,Kaffee,Kaffee Crema,Eigenmarke,Jacobs Caffé Crema,,7.99,,EUR,71.34,"71,34€ /kg",112g,112,g,FALSE,,,,,mpreis,https://www.mpreis.at/search/Kaffee%20Crema,,Ganze Bohne wenn verfuegbar
2026-03-26T14:18:22+0100,2026-03-26,MPreis,Kaffee,Kaffee Crema,Eigenmarke,Auslese Crema Bohne,,9.99,,EUR,19.98,"19,98€ /kg",500g,500,g,FALSE,,,,,mpreis,https://www.mpreis.at/search/Kaffee%20Crema,,Ganze Bohne wenn verfuegbar
2026-03-26T14:18:22+0100,2026-03-26,MPreis,Kaffee,Kaffee Crema,Eigenmarke,Crema Fairtrade,,19.99,,EUR,19.99,"19,99€ /kg",1000g,100,g,FALSE,,,,,mpreis,https://www.mpreis.at/search/Kaffee%20Crema,,Ganze Bohne wenn verfuegbar
2026-03-26T14:18:22+0100,2026-03-26,MPreis,Kaffee,Kaffee Crema,Eigenmarke,Crema d´Oro ganze Bohnen,,20.99,,EUR,20.99,"20,99€ /kg",1000g,100,g,FALSE,,,multi_buy,Ab 2 Stk. je,mpreis,https://www.mpreis.at/search/Kaffee%20Crema,,Ganze Bohne wenn verfuegbar
2026-03-26T14:18:22+0100,2026-03-26,MPreis,Kaffee,Kaffee Crema,Eigenmarke,Hornig Crema Lungo FT Alu NC 10er,,4.59,,EUR,0.46,"0,46€ /Stk",10STK,10,stk,FALSE,,,,,mpreis,https://www.mpreis.at/search/Kaffee%20Crema,,Ganze Bohne wenn verfuegbar
2026-03-26T14:18:22+0100,2026-03-26,MPreis,Kaffee,Kaffee Crema,Eigenmarke,Home Barista Caffe Crema Dolce,,21.99,,EUR,21.99,"21,99€ /kg",1000g,100,g,FALSE,,,,,mpreis,https://www.mpreis.at/search/Kaffee%20Crema,,Ganze Bohne wenn verfuegbar
2026-03-26T14:18:22+0100,2026-03-26,MPreis,Kaffee,Kaffee Crema,Eigenmarke,Home Barista Crema Rainforest,,21.99,,EUR,21.99,"21,99€ /kg",1000g,100,g,FALSE,,,,,mpreis,https://www.mpreis.at/search/Kaffee%20Crema,,Ganze Bohne wenn verfuegbar
2026-03-26T14:18:22+0100,2026-03-26,MPreis,Kaffee,Kaffee Crema,Eigenmarke,Eduscho Caffe Crema Brasilien,,15.99,,EUR,15.99,"15,99€ /kg",1000g,100,g,TRUE,-30,-30%,discount,"22,99",mpreis,https://www.mpreis.at/search/Kaffee%20Crema,,Ganze Bohne wenn verfuegbar
2026-03-26T14:18:22+0100,2026-03-26,MPreis,Kaffee,Kaffee Crema,Eigenmarke,NC Capsa CREMA D`ORO XXL 39er,,15.49,,EUR,71.06,"71,06€ /kg",218g,218,g,FALSE,,,,,mpreis,https://www.mpreis.at/search/Kaffee%20Crema,,Ganze Bohne wenn verfuegbar
2026-03-26T14:18:22+0100,2026-03-26,MPreis,Kaffee,Kaffee Crema,Eigenmarke,Bio Caffè Crema ganze Bohne,,21.99,,EUR,21.99,"21,99€ /kg",1000g,100,g,FALSE,,,,,mpreis,https://www.mpreis.at/search/Kaffee%20Crema,,Ganze Bohne wenn verfuegbar
2026-03-26T14:18:22+0100,2026-03-26,MPreis,Kaffee,Kaffee Crema,Eigenmarke,Meinl NC Espresso Crema 30 Kapseln,,10.99,,EUR,65.42,"65,42€ /kg",168g,168,g,FALSE,,,,,mpreis,https://www.mpreis.at/search/Kaffee%20Crema,,Ganze Bohne wenn verfuegbar
2026-03-26T14:18:22+0100,2026-03-26,MPreis,Kaffee,Kaffee Crema,Eigenmarke,Home Barista Caffe Crema Forte,,21.99,,EUR,21.99,"21,99€ /kg",1000g,100,g,FALSE,,,,,mpreis,https://www.mpreis.at/search/Kaffee%20Crema,,Ganze Bohne wenn verfuegbar
2026-03-26T14:18:22+0100,2026-03-26,MPreis,Kaffee,Kaffee Crema,Eigenmarke,Crema die Venezia ganze Bohne,,19.99,,EUR,19.99,"19,99€ /kg",1000g,100,g,FALSE,,,,,mpreis,https://www.mpreis.at/search/Kaffee%20Crema,,Ganze Bohne wenn verfuegbar
2026-03-26T14:18:22+0100,2026-03-26,MPreis,Kaffee,Kaffee Crema,Eigenmarke,Caffe Crema Intense Kapseln,,4.49,,EUR,0.45,"0,45€ /Stk",10STK,10,stk,FALSE,,,,,mpreis,https://www.mpreis.at/search/Kaffee%20Crema,,Ganze Bohne wenn verfuegbar
2026-03-26T14:18:22+0100,2026-03-26,MPreis,Kaffee,Kaffee Crema,Eigenmarke,Cafissimo Barista Crema,,4.49,,EUR,56.13,"56,13€ /kg",80g,80,g,FALSE,,,,,mpreis,https://www.mpreis.at/search/Kaffee%20Crema,,Ganze Bohne wenn verfuegbar
2026-03-26T14:18:22+0100,2026-03-26,MPreis,Kaffee,Kaffee Crema,Eigenmarke,Instant Crema Glas,,7.49,,EUR,41.61,"41,61€ /kg",180g,180,g,FALSE,,,,Bei 2 Stk. je,mpreis,https://www.mpreis.at/search/Kaffee%20Crema,,Ganze Bohne wenn verfuegbar
2026-03-26T14:18:22+0100,2026-03-26,MPreis,Kaffee,Kaffee Crema,Eigenmarke,Collezione Crema,,13,,EUR,13,"13,00€ /kg",1000g,100,g,TRUE,-34,-34%,discount,"19,99",mpreis,https://www.mpreis.at/search/Kaffee%20Crema,,Ganze Bohne wenn verfuegbar
2026-03-26T14:18:24+0100,2026-03-26,MPreis,Mehl,Weizenmehl universal,Eigenmarke,Weizenmehl universal Type 480,,1.89,,EUR,1.89,"1,89€ /kg",1kg,1,kg,FALSE,,,,,mpreis,https://www.mpreis.at/search/Weizenmehl%20universal,,1kg bevorzugt
2026-03-26T14:18:24+0100,2026-03-26,MPreis,Mehl,Weizenmehl universal,Eigenmarke,Weizenmehl universal Type 480,,0.75,,EUR,0.75,"0,75€ /kg",1kg,1,kg,FALSE,,,,,mpreis,https://www.mpreis.at/search/Weizenmehl%20universal,,1kg bevorzugt
2026-03-26T14:18:24+0100,2026-03-26,MPreis,Mehl,Weizenmehl universal,Eigenmarke,Weizenmehl universal Type 480,,1.79,,EUR,1.79,"1,79€ /kg",1kg,1,kg,FALSE,,,,,mpreis,https://www.mpreis.at/search/Weizenmehl%20universal,,1kg bevorzugt
2026-03-26T14:18:24+0100,2026-03-26,MPreis,Mehl,Weizenmehl universal,Eigenmarke,Weizenmehl Type 480 universal 1 kg,,1.69,,EUR,1.69,"1,69€ /kg",1kg,1,kg,FALSE,,,,,mpreis,https://www.mpreis.at/search/Weizenmehl%20universal,,1kg bevorzugt
2026-03-26T14:18:27+0100,2026-03-26,MPreis,Milch,Vollmilch,Eigenmarke,"Bergbauern Vollmilch länger frisch 3,5% 1,0 Liter (Einweg)",,1.75,,EUR,1.75,"1,75€ /l",1l,1,l,FALSE,,,,,mpreis,https://www.mpreis.at/search/Vollmilch,,3.5 Prozent oder aehnlich
2026-03-26T14:18:27+0100,2026-03-26,MPreis,Milch,Vollmilch,Eigenmarke,"Vollmilch länger frisch 3,5% (Einweg)",,1.39,,EUR,1.39,"1,39€ /l",1l,1,l,FALSE,,,,,mpreis,https://www.mpreis.at/search/Vollmilch,,3.5 Prozent oder aehnlich
2026-03-26T14:18:27+0100,2026-03-26,MPreis,Milch,Vollmilch,Eigenmarke,"Bergbauern Vollmilch länger frisch 3,5% 0,5 Liter (Einweg)",,1.19,,EUR,2.38,"2,38€ /l",500ml,500,ml,FALSE,,,,,mpreis,https://www.mpreis.at/search/Vollmilch,,3.5 Prozent oder aehnlich
2026-03-26T14:18:27+0100,2026-03-26,MPreis,Milch,Vollmilch,Eigenmarke,"Bio Tiroler Vollmilch 3,6% (Einweg)",,1.99,,EUR,1.99,"1,99€ /l",1l,1,l,FALSE,,,,,mpreis,https://www.mpreis.at/search/Vollmilch,,3.5 Prozent oder aehnlich
2026-03-26T14:18:27+0100,2026-03-26,MPreis,Milch,Vollmilch,Eigenmarke,"Formil H-Vollmilch 3,5% 1,0 Liter",,0.89,,EUR,0.89,"0,89€ /l",1l,1,l,FALSE,,,multi_buy,Ab 2 Stk. je,mpreis,https://www.mpreis.at/search/Vollmilch,,3.5 Prozent oder aehnlich
2026-03-26T14:18:27+0100,2026-03-26,MPreis,Milch,Vollmilch,Eigenmarke,Schokokekse Vollmilch,,1.99,,EUR,15.92,"15,92€ /kg",125g,125,g,FALSE,,,,,mpreis,https://www.mpreis.at/search/Vollmilch,,3.5 Prozent oder aehnlich
2026-03-26T14:18:27+0100,2026-03-26,MPreis,Milch,Vollmilch,Eigenmarke,Bio Schoko Reiswaffeln Vollmilch,,2.49,,EUR,24.9,"24,90€ /kg",100g,100,g,FALSE,,,,,mpreis,https://www.mpreis.at/search/Vollmilch,,3.5 Prozent oder aehnlich
2026-03-26T14:18:27+0100,2026-03-26,MPreis,Milch,Vollmilch,Eigenmarke,Choco Vollmilch,,3.79,,EUR,30.32,"30,32€ /kg",125g,125,g,FALSE,,,,,mpreis,https://www.mpreis.at/search/Vollmilch,,3.5 Prozent oder aehnlich
2026-03-26T14:18:27+0100,2026-03-26,MPreis,Milch,Vollmilch,Eigenmarke,"Formil haltbare Vollmilch 3,5% 0,5 Liter",,0.9,,EUR,1.8,"1,80€ /l",500ml,500,ml,FALSE,,,,,mpreis,https://www.mpreis.at/search/Vollmilch,,3.5 Prozent oder aehnlich
2026-03-26T14:18:27+0100,2026-03-26,MPreis,Milch,Vollmilch,Eigenmarke,Schoko-Röllchen Vollmilch,,1.99,,EUR,15.92,"15,92€ /kg",125g,125,g,FALSE,,,,,mpreis,https://www.mpreis.at/search/Vollmilch,,3.5 Prozent oder aehnlich
2026-03-26T14:18:27+0100,2026-03-26,MPreis,Milch,Vollmilch,Eigenmarke,Messino Vollmilch,,3.39,,EUR,27.12,"27,12€ /kg",125g,125,g,FALSE,,,,,mpreis,https://www.mpreis.at/search/Vollmilch,,3.5 Prozent oder aehnlich
2026-03-26T14:18:27+0100,2026-03-26,MPreis,Milch,Vollmilch,Eigenmarke,Schokowaffeln Vollmilch,,2.49,,EUR,14.23,"14,23€ /kg",175g,175,g,FALSE,,,,,mpreis,https://www.mpreis.at/search/Vollmilch,,3.5 Prozent oder aehnlich
2026-03-26T14:18:27+0100,2026-03-26,MPreis,Milch,Vollmilch,Eigenmarke,"Vollmilch länger frisch 3,5% 1,0 Liter (Einweg)",,1.79,,EUR,1.79,"1,79€ /l",1l,1,l,FALSE,,,,,mpreis,https://www.mpreis.at/search/Vollmilch,,3.5 Prozent oder aehnlich
2026-03-26T14:18:27+0100,2026-03-26,MPreis,Milch,Vollmilch,Eigenmarke,Choco Caramel Vollmilch Gebäck,,2.39,,EUR,9.56,"9,56€ /kg",250g,250,g,FALSE,,,,,mpreis,https://www.mpreis.at/search/Vollmilch,,3.5 Prozent oder aehnlich
2026-03-26T14:18:27+0100,2026-03-26,MPreis,Milch,Vollmilch,Eigenmarke,Bio Schoko Reiswaffeln Cocos-Vollmilch,,2.39,,EUR,23.9,"23,90€ /kg",100g,100,g,FALSE,,,,,mpreis,https://www.mpreis.at/search/Vollmilch,,3.5 Prozent oder aehnlich
2026-03-26T14:18:27+0100,2026-03-26,MPreis,Milch,Vollmilch,Eigenmarke,Vollmilch Karamell Meersalz,,4.99,,EUR,27.72,"27,72€ /kg",180g,180,g,FALSE,,,,,mpreis,https://www.mpreis.at/search/Vollmilch,,3.5 Prozent oder aehnlich
2026-03-26T14:18:27+0100,2026-03-26,MPreis,Milch,Vollmilch,Eigenmarke,Schokolade Alpenvollmilch,,0.89,,EUR,8.9,"8,90€ /kg",100g,100,g,FALSE,,,,,mpreis,https://www.mpreis.at/search/Vollmilch,,3.5 Prozent oder aehnlich
2026-03-26T14:18:27+0100,2026-03-26,MPreis,Milch,Vollmilch,Eigenmarke,Kekse Ohne Gleichen Vollmilch,,3.99,,EUR,31.92,"31,92€ /kg",125g,125,g,FALSE,,,,,mpreis,https://www.mpreis.at/search/Vollmilch,,3.5 Prozent oder aehnlich
2026-03-26T14:18:27+0100,2026-03-26,MPreis,Milch,Vollmilch,Eigenmarke,Bio Hafercookies Vollmilch,,2.99,,EUR,14.95,"14,95€ /kg",200g,200,g,FALSE,,,,,mpreis,https://www.mpreis.at/search/Vollmilch,,3.5 Prozent oder aehnlich
2026-03-26T14:18:27+0100,2026-03-26,MPreis,Milch,Vollmilch,Eigenmarke,"Vollmilch 3,5% (Einweg)",,1.79,,EUR,1.79,"1,79€ /l",1l,1,l,FALSE,,,,,mpreis,https://www.mpreis.at/search/Vollmilch,,3.5 Prozent oder aehnlich
2026-03-26T14:18:27+0100,2026-03-26,MPreis,Milch,Vollmilch,Eigenmarke,Glasur Vollmilch,,2.09,,EUR,10.45,"10,45€ /kg",200g,200,g,TRUE,-25,-25%,discount,"2,79",mpreis,https://www.mpreis.at/search/Vollmilch,,3.5 Prozent oder aehnlich
2026-03-26T14:18:27+0100,2026-03-26,MPreis,Milch,Vollmilch,Eigenmarke,Vollmilch Brezel Toffee,,4.99,,EUR,27.72,"27,72€ /kg",180g,180,g,FALSE,,,,,mpreis,https://www.mpreis.at/search/Vollmilch,,3.5 Prozent oder aehnlich
2026-03-26T14:18:27+0100,2026-03-26,MPreis,Milch,Vollmilch,Eigenmarke,Schokolade Alpenvollmilch-Haselnuss,,0.89,,EUR,8.9,"8,90€ /kg",100g,100,g,FALSE,,,,,mpreis,https://www.mpreis.at/search/Vollmilch,,3.5 Prozent oder aehnlich
2026-03-26T14:18:27+0100,2026-03-26,MPreis,Milch,Vollmilch,Eigenmarke,Alpenvollmilch,,1.99,,EUR,19.9,"19,90€ /kg",100g,100,g,FALSE,,,,,mpreis,https://www.mpreis.at/search/Vollmilch,,3.5 Prozent oder aehnlich
2026-03-26T14:18:27+0100,2026-03-26,MPreis,Milch,Vollmilch,Eigenmarke,Vollmilchschokolade 32%,,4.99,,EUR,27.72,"27,72€ /kg",180g,180,g,FALSE,,,,,mpreis,https://www.mpreis.at/search/Vollmilch,,3.5 Prozent oder aehnlich
2026-03-26T14:18:27+0100,2026-03-26,MPreis,Milch,Vollmilch,Eigenmarke,"Vollmilch länger frisch 3,5% (Einweg)",,1.75,,EUR,1.75,"1,75€ /l",1l,1,l,FALSE,,,,,mpreis,https://www.mpreis.at/search/Vollmilch,,3.5 Prozent oder aehnlich
2026-03-26T14:18:27+0100,2026-03-26,MPreis,Milch,Vollmilch,Eigenmarke,Vollmilch Reis Crisp Karamell,,4.99,,EUR,27.72,"27,72€ /kg",180g,180,g,FALSE,,,,,mpreis,https://www.mpreis.at/search/Vollmilch,,3.5 Prozent oder aehnlich
2026-03-26T14:18:27+0100,2026-03-26,MPreis,Milch,Vollmilch,Eigenmarke,Vollmilch-Nuss,,1.99,,EUR,19.9,"19,90€ /kg",100g,100,g,FALSE,,,,,mpreis,https://www.mpreis.at/search/Vollmilch,,3.5 Prozent oder aehnlich
2026-03-26T14:18:27+0100,2026-03-26,MPreis,Milch,Vollmilch,Eigenmarke,Raspelschokolade Vollmilch,,2.09,,EUR,20.9,"20,90€ /kg",100g,100,g,TRUE,-25,-25%,discount,"2,79",mpreis,https://www.mpreis.at/search/Vollmilch,,3.5 Prozent oder aehnlich
2026-03-26T14:18:27+0100,2026-03-26,MPreis,Milch,Vollmilch,Eigenmarke,Confiserie-Tafelschokolade Vollmilch,,2.99,,EUR,37.38,"37,38€ /kg",80g,80,g,FALSE,,,,,mpreis,https://www.mpreis.at/search/Vollmilch,,3.5 Prozent oder aehnlich
2026-03-26T14:18:27+0100,2026-03-26,MPreis,Milch,Vollmilch,Eigenmarke,Kuvertüre Vollmilch,,2.99,,EUR,14.95,"14,95€ /kg",200g,200,g,FALSE,,,,,mpreis,https://www.mpreis.at/search/Vollmilch,,3.5 Prozent oder aehnlich
2026-03-26T14:18:27+0100,2026-03-26,MPreis,Milch,Vollmilch,Eigenmarke,"Bio Wiesenmilch Vollmilch länger frisch 3,5% (Einweg)",,1.99,,EUR,1.99,"1,99€ /l",1l,1,l,FALSE,,,,,mpreis,https://www.mpreis.at/search/Vollmilch,,3.5 Prozent oder aehnlich
2026-03-26T14:18:27+0100,2026-03-26,MPreis,Milch,Vollmilch,Eigenmarke,"Bio Vollmilch länger frisch 3,5% (Einweg)",,1.79,,EUR,1.79,"1,79€ /l",1l,1,l,FALSE,,,,,mpreis,https://www.mpreis.at/search/Vollmilch,,3.5 Prozent oder aehnlich
2026-03-26T14:18:27+0100,2026-03-26,MPreis,Milch,Vollmilch,Eigenmarke,"Vollmilch länger frisch 3,5% 0,5 Liter (Einweg)",,1.25,,EUR,2.5,"2,50€ /l",500ml,500,ml,FALSE,,,,,mpreis,https://www.mpreis.at/search/Vollmilch,,3.5 Prozent oder aehnlich
2026-03-26T14:18:27+0100,2026-03-26,MPreis,Milch,Vollmilch,Eigenmarke,Tony´s Vollmilch Schokolade,,2.49,,EUR,27.67,"27,67€ /kg",90g,90,g,FALSE,,,,,mpreis,https://www.mpreis.at/search/Vollmilch,,3.5 Prozent oder aehnlich
2026-03-26T14:18:27+0100,2026-03-26,MPreis,Milch,Vollmilch,Eigenmarke,Tony´s Vollmilch Pekan Karamell Crunch,,2.49,,EUR,27.67,"27,67€ /kg",90g,90,g,FALSE,,,,,mpreis,https://www.mpreis.at/search/Vollmilch,,3.5 Prozent oder aehnlich
2026-03-26T14:18:27+0100,2026-03-26,MPreis,Milch,Vollmilch,Eigenmarke,Alpenkugel-Beutel Vollmilch,,5.99,,EUR,66.56,"66,56€ /kg",90g,90,g,FALSE,,,,,mpreis,https://www.mpreis.at/search/Vollmilch,,3.5 Prozent oder aehnlich
2026-03-26T14:18:27+0100,2026-03-26,MPreis,Milch,Vollmilch,Eigenmarke,Tony´s Vollmilch Greatest Bits,,2.49,,EUR,27.67,"27,67€ /kg",90g,90,g,FALSE,,,,,mpreis,https://www.mpreis.at/search/Vollmilch,,3.5 Prozent oder aehnlich
2026-03-26T14:18:27+0100,2026-03-26,MPreis,Milch,Vollmilch,Eigenmarke,Tony´s Vollmilch Karamell Meersalz,,2.49,,EUR,27.67,"27,67€ /kg",90g,90,g,FALSE,,,,,mpreis,https://www.mpreis.at/search/Vollmilch,,3.5 Prozent oder aehnlich
2026-03-26T14:18:27+0100,2026-03-26,MPreis,Milch,Vollmilch,Eigenmarke,"Ländle frische Vollmilch 3,5% 1,0 Liter (Einweg)",,1.69,,EUR,1.69,"1,69€ /l",1l,1,l,FALSE,,,,,mpreis,https://www.mpreis.at/search/Vollmilch,,3.5 Prozent oder aehnlich
2026-03-26T14:18:27+0100,2026-03-26,MPreis,Milch,Vollmilch,Eigenmarke,Vollmilchschokolade Nougat,,4.99,,EUR,27.72,"27,72€ /kg",180g,180,g,FALSE,,,,,mpreis,https://www.mpreis.at/search/Vollmilch,,3.5 Prozent oder aehnlich
2026-03-26T14:18:27+0100,2026-03-26,MPreis,Milch,Vollmilch,Eigenmarke,Bio Cocos Riegel Vollmilch,,1,,EUR,25,"25,00€ /kg",40g,40,g,FALSE,,,,,mpreis,https://www.mpreis.at/search/Vollmilch,,3.5 Prozent oder aehnlich
2026-03-26T14:18:27+0100,2026-03-26,MPreis,Milch,Vollmilch,Eigenmarke,Schokobutterkeks Vollmilch,,2.79,,EUR,22.32,"22,32€ /kg",125g,125,g,FALSE,,,,,mpreis,https://www.mpreis.at/search/Vollmilch,,3.5 Prozent oder aehnlich
2026-03-26T14:18:27+0100,2026-03-26,MPreis,Milch,Vollmilch,Eigenmarke,Vollmilch Pistazie,,1.99,,EUR,19.9,"19,90€ /kg",100g,100,g,FALSE,,,,,mpreis,https://www.mpreis.at/search/Vollmilch,,3.5 Prozent oder aehnlich
2026-03-26T14:18:27+0100,2026-03-26,MPreis,Milch,Vollmilch,Eigenmarke,"Vollmilch 3,6% (Einweg)",,1.29,,EUR,1.29,"1,29€ /l",1l,1,l,FALSE,,,,,mpreis,https://www.mpreis.at/search/Vollmilch,,3.5 Prozent oder aehnlich
2026-03-26T14:18:27+0100,2026-03-26,MPreis,Milch,Vollmilch,Eigenmarke,Vollmilchschokolade Haselnüsse,,4.99,,EUR,27.72,"27,72€ /kg",180g,180,g,FALSE,,,,,mpreis,https://www.mpreis.at/search/Vollmilch,,3.5 Prozent oder aehnlich
2026-03-26T14:18:27+0100,2026-03-26,MPreis,Milch,Vollmilch,Eigenmarke,Bio Dinkel Knusper Taler Vollmilch,,3.99,,EUR,39.9,"39,90€ /kg",100g,100,g,FALSE,,,,,mpreis,https://www.mpreis.at/search/Vollmilch,,3.5 Prozent oder aehnlich
2026-03-26T14:18:27+0100,2026-03-26,MPreis,Milch,Vollmilch,Eigenmarke,Bio Vollmilch Schokolade Ganze Nuss,,2.59,,EUR,25.9,"25,90€ /kg",100g,100,g,FALSE,,,,,mpreis,https://www.mpreis.at/search/Vollmilch,,3.5 Prozent oder aehnlich
2026-03-26T14:18:30+0100,2026-03-26,MPreis,Schokolade,Vollmilchschokolade,Eigenmarke,Vollmilchschokolade 32%,,4.99,,EUR,27.72,"27,72€ /kg",180g,180,g,FALSE,,,,,mpreis,https://www.mpreis.at/search/Vollmilchschokolade,,Tafelware
2026-03-26T14:18:30+0100,2026-03-26,MPreis,Schokolade,Vollmilchschokolade,Eigenmarke,Tony´s Vollmilch Schokolade,,2.49,,EUR,27.67,"27,67€ /kg",90g,90,g,FALSE,,,,,mpreis,https://www.mpreis.at/search/Vollmilchschokolade,,Tafelware
2026-03-26T14:18:30+0100,2026-03-26,MPreis,Schokolade,Vollmilchschokolade,Eigenmarke,Vollmilchschokolade Nougat,,4.99,,EUR,27.72,"27,72€ /kg",180g,180,g,FALSE,,,,,mpreis,https://www.mpreis.at/search/Vollmilchschokolade,,Tafelware
2026-03-26T14:18:30+0100,2026-03-26,MPreis,Schokolade,Vollmilchschokolade,Eigenmarke,Vollmilchschokolade Haselnüsse,,4.99,,EUR,27.72,"27,72€ /kg",180g,180,g,FALSE,,,,,mpreis,https://www.mpreis.at/search/Vollmilchschokolade,,Tafelware
2026-03-26T14:18:30+0100,2026-03-26,MPreis,Schokolade,Vollmilchschokolade,Eigenmarke,Bio Vollmilch Schokolade Ganze Nuss,,2.59,,EUR,25.9,"25,90€ /kg",100g,100,g,FALSE,,,,,mpreis,https://www.mpreis.at/search/Vollmilchschokolade,,Tafelware
2026-03-26T14:18:30+0100,2026-03-26,MPreis,Schokolade,Vollmilchschokolade,Eigenmarke,Choco Vollmilch,,3.79,,EUR,30.32,"30,32€ /kg",125g,125,g,FALSE,,,,,mpreis,https://www.mpreis.at/search/Vollmilchschokolade,,Tafelware
2026-03-26T14:18:30+0100,2026-03-26,MPreis,Schokolade,Vollmilchschokolade,Eigenmarke,Confiserie-Tafelschokolade Vollmilch,,2.99,,EUR,37.38,"37,38€ /kg",80g,80,g,FALSE,,,,,mpreis,https://www.mpreis.at/search/Vollmilchschokolade,,Tafelware
2026-03-26T14:18:30+0100,2026-03-26,MPreis,Schokolade,Vollmilchschokolade,Eigenmarke,Bio Schokolade Vollmilch,,2.35,,EUR,23.5,"23,50€ /kg",100g,100,g,FALSE,,,,,mpreis,https://www.mpreis.at/search/Vollmilchschokolade,,Tafelware
2026-03-26T14:18:30+0100,2026-03-26,MPreis,Schokolade,Vollmilchschokolade,Eigenmarke,Hafercookies Schoko Vollmilch,,2.39,,EUR,11.95,"11,95€ /kg",200g,200,g,FALSE,,,,,mpreis,https://www.mpreis.at/search/Vollmilchschokolade,,Tafelware
2026-03-26T14:18:30+0100,2026-03-26,MPreis,Schokolade,Vollmilchschokolade,Eigenmarke,Schokolade Vollmilch-Nuss,,9.99,,EUR,33.3,"33,30€ /kg",300g,300,g,FALSE,,,,,mpreis,https://www.mpreis.at/search/Vollmilchschokolade,,Tafelware
2026-03-26T14:18:30+0100,2026-03-26,MPreis,Schokolade,Vollmilchschokolade,Eigenmarke,Schokolade Vollmilch ohne Zuckerzusatz,,4.99,,EUR,49.9,"49,90€ /kg",100g,100,g,FALSE,,,,,mpreis,https://www.mpreis.at/search/Vollmilchschokolade,,Tafelware
2026-03-26T14:18:30+0100,2026-03-26,MPreis,Schokolade,Vollmilchschokolade,Eigenmarke,Schokokekse Vollmilch,,1.99,,EUR,15.92,"15,92€ /kg",125g,125,g,FALSE,,,,,mpreis,https://www.mpreis.at/search/Vollmilchschokolade,,Tafelware
2026-03-26T14:18:30+0100,2026-03-26,MPreis,Schokolade,Vollmilchschokolade,Eigenmarke,Schoko-Röllchen Vollmilch,,1.99,,EUR,15.92,"15,92€ /kg",125g,125,g,FALSE,,,,,mpreis,https://www.mpreis.at/search/Vollmilchschokolade,,Tafelware
2026-03-26T14:18:30+0100,2026-03-26,MPreis,Schokolade,Vollmilchschokolade,Eigenmarke,Schokowaffeln Vollmilch,,2.49,,EUR,14.23,"14,23€ /kg",175g,175,g,FALSE,,,,,mpreis,https://www.mpreis.at/search/Vollmilchschokolade,,Tafelware
2026-03-26T14:18:30+0100,2026-03-26,MPreis,Schokolade,Vollmilchschokolade,Eigenmarke,Choco Caramel Vollmilch Gebäck,,2.39,,EUR,9.56,"9,56€ /kg",250g,250,g,FALSE,,,,,mpreis,https://www.mpreis.at/search/Vollmilchschokolade,,Tafelware
2026-03-26T14:18:30+0100,2026-03-26,MPreis,Schokolade,Vollmilchschokolade,Eigenmarke,Schokolade Alpenvollmilch,,0.89,,EUR,8.9,"8,90€ /kg",100g,100,g,FALSE,,,,,mpreis,https://www.mpreis.at/search/Vollmilchschokolade,,Tafelware
2026-03-26T14:18:30+0100,2026-03-26,MPreis,Schokolade,Vollmilchschokolade,Eigenmarke,Schokolade Alpenvollmilch-Haselnuss,,0.89,,EUR,8.9,"8,90€ /kg",100g,100,g,FALSE,,,,,mpreis,https://www.mpreis.at/search/Vollmilchschokolade,,Tafelware
2026-03-26T14:18:30+0100,2026-03-26,MPreis,Schokolade,Vollmilchschokolade,Eigenmarke,Schokopopcorn Vollmilch,,2.99,,EUR,29.9,"29,90€ /kg",100g,100,g,FALSE,,,,,mpreis,https://www.mpreis.at/search/Vollmilchschokolade,,Tafelware
2026-03-26T14:18:30+0100,2026-03-26,MPreis,Schokolade,Vollmilchschokolade,Eigenmarke,Bio Schoko Reiswaffeln Vollmilch,,2.49,,EUR,24.9,"24,90€ /kg",100g,100,g,FALSE,,,,,mpreis,https://www.mpreis.at/search/Vollmilchschokolade,,Tafelware
2026-03-26T14:18:30+0100,2026-03-26,MPreis,Schokolade,Vollmilchschokolade,Eigenmarke,Schokobutterkeks Vollmilch,,2.79,,EUR,22.32,"22,32€ /kg",125g,125,g,FALSE,,,,,mpreis,https://www.mpreis.at/search/Vollmilchschokolade,,Tafelware
2026-03-26T14:18:30+0100,2026-03-26,MPreis,Schokolade,Vollmilchschokolade,Eigenmarke,Bio Schokolade Ganze Mandel Vollmilch,,2.59,,EUR,25.9,"25,90€ /kg",100g,100,g,FALSE,,,,,mpreis,https://www.mpreis.at/search/Vollmilchschokolade,,Tafelware
2026-03-26T14:18:30+0100,2026-03-26,MPreis,Schokolade,Vollmilchschokolade,Eigenmarke,Schoko Maiswaffeln Vollmilch,,1.59,,EUR,24.46,"24,46€ /kg",65g,65,g,FALSE,,,,,mpreis,https://www.mpreis.at/search/Vollmilchschokolade,,Tafelware
2026-03-26T14:18:30+0100,2026-03-26,MPreis,Schokolade,Vollmilchschokolade,Eigenmarke,Bio Schoko Reiswaffeln Cocos-Vollmilch,,2.39,,EUR,23.9,"23,90€ /kg",100g,100,g,FALSE,,,,,mpreis,https://www.mpreis.at/search/Vollmilchschokolade,,Tafelware
2026-03-26T14:18:30+0100,2026-03-26,MPreis,Schokolade,Vollmilchschokolade,Eigenmarke,Vollmilch Karamell Meersalz,,4.99,,EUR,27.72,"27,72€ /kg",180g,180,g,FALSE,,,,,mpreis,https://www.mpreis.at/search/Vollmilchschokolade,,Tafelware
2026-03-26T14:18:30+0100,2026-03-26,MPreis,Schokolade,Vollmilchschokolade,Eigenmarke,Vollmilch Brezel Toffee,,4.99,,EUR,27.72,"27,72€ /kg",180g,180,g,FALSE,,,,,mpreis,https://www.mpreis.at/search/Vollmilchschokolade,,Tafelware
2026-03-26T14:18:30+0100,2026-03-26,MPreis,Schokolade,Vollmilchschokolade,Eigenmarke,Alpenvollmilch,,1.99,,EUR,19.9,"19,90€ /kg",100g,100,g,FALSE,,,,,mpreis,https://www.mpreis.at/search/Vollmilchschokolade,,Tafelware
2026-03-26T14:18:30+0100,2026-03-26,MPreis,Schokolade,Vollmilchschokolade,Eigenmarke,Vollmilch Reis Crisp Karamell,,4.99,,EUR,27.72,"27,72€ /kg",180g,180,g,FALSE,,,,,mpreis,https://www.mpreis.at/search/Vollmilchschokolade,,Tafelware
2026-03-26T14:18:30+0100,2026-03-26,MPreis,Schokolade,Vollmilchschokolade,Eigenmarke,Vollmilch-Nuss,,1.99,,EUR,19.9,"19,90€ /kg",100g,100,g,FALSE,,,,,mpreis,https://www.mpreis.at/search/Vollmilchschokolade,,Tafelware
2026-03-26T14:18:30+0100,2026-03-26,MPreis,Schokolade,Vollmilchschokolade,Eigenmarke,Tony´s Vollmilch Pekan Karamell Crunch,,2.49,,EUR,27.67,"27,67€ /kg",90g,90,g,FALSE,,,,,mpreis,https://www.mpreis.at/search/Vollmilchschokolade,,Tafelware
2026-03-26T14:18:30+0100,2026-03-26,MPreis,Schokolade,Vollmilchschokolade,Eigenmarke,Tony´s Vollmilch Greatest Bits,,2.49,,EUR,27.67,"27,67€ /kg",90g,90,g,FALSE,,,,,mpreis,https://www.mpreis.at/search/Vollmilchschokolade,,Tafelware
2026-03-26T14:18:30+0100,2026-03-26,MPreis,Schokolade,Vollmilchschokolade,Eigenmarke,Tony´s Vollmilch Karamell Meersalz,,2.49,,EUR,27.67,"27,67€ /kg",90g,90,g,FALSE,,,,,mpreis,https://www.mpreis.at/search/Vollmilchschokolade,,Tafelware
2026-03-26T14:18:30+0100,2026-03-26,MPreis,Schokolade,Vollmilchschokolade,Eigenmarke,Vollmilch Pistazie,,1.99,,EUR,19.9,"19,90€ /kg",100g,100,g,FALSE,,,,,mpreis,https://www.mpreis.at/search/Vollmilchschokolade,,Tafelware
2026-03-26T14:18:30+0100,2026-03-26,MPreis,Schokolade,Vollmilchschokolade,Eigenmarke,Bunte Vielfalt Smarties Vollmilch,,1.79,,EUR,17.9,"17,90€ /kg",100g,100,g,FALSE,,,multi_buy,Ab 2 Stk. je,mpreis,https://www.mpreis.at/search/Vollmilchschokolade,,Tafelware
2026-03-26T14:18:30+0100,2026-03-26,MPreis,Schokolade,Vollmilchschokolade,Eigenmarke,Alpenkugel-Beutel Vollmilch,,5.99,,EUR,66.56,"66,56€ /kg",90g,90,g,FALSE,,,,,mpreis,https://www.mpreis.at/search/Vollmilchschokolade,,Tafelware
2026-03-26T14:18:30+0100,2026-03-26,MPreis,Schokolade,Vollmilchschokolade,Eigenmarke,Katzenzungen Vollmilch,,3.99,,EUR,53.2,"53,20€ /kg",75g,75,g,FALSE,,,,,mpreis,https://www.mpreis.at/search/Vollmilchschokolade,,Tafelware
2026-03-26T14:18:32+0100,2026-03-26,Spar,Butter,Teebutter,Eigenmarke,,,,,EUR,,,,,,,,,,,spar,https://www.spar.at/produktwelt/suche?search=Teebutter&page=1,,SCRAPE_ERROR: Forbidden (HTTP 403).
2026-03-26T14:18:33+0100,2026-03-26,Spar,Eier,Eier,Eigenmarke,,,,,EUR,,,,,,,,,,,spar,https://www.spar.at/produktwelt/suche?search=Eier&page=1,,SCRAPE_ERROR: Forbidden (HTTP 403).
2026-03-26T14:18:34+0100,2026-03-26,Spar,Fisch,Raeucherlachs,Eigenmarke,,,,,EUR,,,,,,,,,,,spar,https://www.spar.at/produktwelt/suche?search=Raeucherlachs&page=1,,SCRAPE_ERROR: Forbidden (HTTP 403).
2026-03-26T14:18:36+0100,2026-03-26,Spar,Fleisch,Faschiertes gemischt,Eigenmarke,,,,,EUR,,,,,,,,,,,spar,https://www.spar.at/produktwelt/suche?search=Faschiertes%20gemischt&page=1,,SCRAPE_ERROR: Forbidden (HTTP 403).
2026-03-26T14:18:37+0100,2026-03-26,Spar,Kaese,Mozzarella,Eigenmarke,,,,,EUR,,,,,,,,,,,spar,https://www.spar.at/produktwelt/suche?search=Mozzarella&page=1,,SCRAPE_ERROR: Forbidden (HTTP 403).
2026-03-26T14:18:38+0100,2026-03-26,Spar,Kaffee,Kaffee Crema,Eigenmarke,,,,,EUR,,,,,,,,,,,spar,https://www.spar.at/produktwelt/suche?search=Kaffee%20Crema&page=1,,SCRAPE_ERROR: Forbidden (HTTP 403).
2026-03-26T14:18:39+0100,2026-03-26,Spar,Mehl,Weizenmehl universal,Eigenmarke,,,,,EUR,,,,,,,,,,,spar,https://www.spar.at/produktwelt/suche?search=Weizenmehl%20universal&page=1,,SCRAPE_ERROR: Forbidden (HTTP 403).
2026-03-26T14:18:40+0100,2026-03-26,Spar,Milch,Vollmilch,Eigenmarke,,,,,EUR,,,,,,,,,,,spar,https://www.spar.at/produktwelt/suche?search=Vollmilch&page=1,,SCRAPE_ERROR: Forbidden (HTTP 403).
2026-03-26T14:18:41+0100,2026-03-26,Spar,Schokolade,Vollmilchschokolade,Eigenmarke,,,,,EUR,,,,,,,,,,,spar,https://www.spar.at/produktwelt/suche?search=Vollmilchschokolade&page=1,,SCRAPE_ERROR: Forbidden (HTTP 403).
